{"cameraMode":{"drawMode":0,"name":"Shaded","section":"Shading Mode"},"sceneLighting":false,"audioPlay":false,"sceneViewState":{"m_AlwaysRefresh":false,"showFog":true,"showSkybox":false,"showFlares":true,"showImageEffects":true,"showParticleSystems":true,"showVisualEffectGraphs":true,"m_FxEnabled":true},"in2DMode":false,"pivot":{"x":-6.258487701416016e-7,"y":0.20000000298023225,"z":20.299999237060548},"rotation":{"x":0.26855552196502688,"y":0.3282097578048706,"z":-0.09780645370483399,"w":0.9004890322685242},"size":0.4667697250843048,"orthographic":false}